<?xml version='1.0' encoding='UTF-8'?>
<!DOCTYPE beans PUBLIC '-//SPRING//DTD BEAN//EN' 'http://www.springframework.org/dtd/spring-beans.dtd'>

<beans>
   
    <bean id="emailServerConfigurationProperties" class="org.springframework.beans.factory.config.PropertyPlaceholderConfigurer">
        <property name="ignoreUnresolvablePlaceholders">
            <value>true</value>
        </property>
        <property name="locations">
            <list>
                <value>classpath:alfresco/emailserver/email-server.properties</value>
                <value>classpath:alfresco/extension/custom-email-server.properties</value>
            </list>
        </property>
    </bean>

</beans>