<?xml version='1.0' encoding='UTF-8'?>
<!DOCTYPE beans PUBLIC '-//SPRING//DTD BEAN//EN' 'http://www.springframework.org/dtd/spring-beans.dtd'>

<beans>

    <!--
          This file defines the beans to wire up JAAS authentication into chaining 
    -->       

    <bean id="authenticationComponentImplJAAS"
          class="org.alfresco.repo.security.authentication.jaas.JAASAuthenticationComponent"
          parent="authenticationComponentBase">
        <property name="realm">
            <value>DEFAULT.REALM</value>
        </property>
        <property name="jaasConfigEntryName">
            <value>Alfresco</value>
        </property>
        <property name="nodeService">
            <ref bean="nodeService" />
        </property>
        <property name="personService">
            <ref bean="personService" />
        </property>
        <property name="transactionService">
            <ref bean="transactionService" />
        </property>    
    </bean>

    <bean id="authenticationDaoImplJAAS" class="org.alfresco.repo.security.authentication.DefaultMutableAuthenticationDao" >
        <property name="allowSetEnabled" value="true" />
        <property name="allowGetEnabled" value="true" />
        <property name="allowDeleteUser" value="true" />
        <property name="allowCreateUser" value="true" />
    </bean>

    <bean id="authenticationServiceImplJAAS" class="org.alfresco.repo.security.authentication.AuthenticationServiceImpl">
        <property name="authenticationDao">
            <ref bean="authenticationDaoImplJAAS" />
        </property>
        <property name="ticketComponent">
            <ref bean="ticketComponent" />
        </property>
        <property name="authenticationComponent">
            <ref bean="authenticationComponentImplJAAS" />
        </property>
        <property name="sysAdminCache">
            <ref bean="sysAdminCache"/>
        </property>
    </bean>

</beans>