<?xml version='1.0' encoding='UTF-8'?>
<!DOCTYPE beans PUBLIC '-//SPRING//DTD BEAN//EN' 'http://www.springframework.org/dtd/spring-beans.dtd'>

<beans>
    <!--
         This file defines the beans to wire up the Alfresco authentication system into chaining authentication.
    -->

    <bean id="authenticationDaoImplAlfresco" class="org.alfresco.repo.security.authentication.RepositoryAuthenticationDao">
       <property name="nodeService">
           <ref bean="nodeService" />
       </property>
       <property name="tenantService">
           <ref bean="tenantService"/>
       </property>
       <property name="dictionaryService">
           <ref bean="dictionaryService" />
       </property>
       <property name="namespaceService">
           <ref bean="namespaceService" />
       </property>
       <property name="searchService">
           <ref bean="admSearchService" />
       </property>       
       <property name="retryingTransactionHelper">
           <ref bean="retryingTransactionHelper"/>
       </property>
       <property name="userNameMatcher">
           <ref bean="userNameMatcher" />
       </property>
       <property name="passwordEncoder">
           <ref bean="passwordEncoder" />
       </property>
    </bean>

    <bean id="authenticationComponentImplAlfresco"
          class="org.alfresco.repo.security.authentication.AuthenticationComponentImpl" 
          parent="authenticationComponentBase">
        <property name="authenticationDao">
            <ref bean="authenticationDao" />
        </property>
        <property name="authenticationManager">
            <ref bean="authenticationManager" />
        </property>
        <property name="allowGuestLogin">
            <value>true</value>
        </property>
        <property name="nodeService">
            <ref bean="nodeService" />
        </property>
        <property name="personService">
            <ref bean="personService" />
        </property>
        <property name="transactionService">
            <ref bean="transactionService" />
        </property>
    </bean>

    <bean id="authenticationServiceImplAlfresco" class="org.alfresco.repo.security.authentication.AuthenticationServiceImpl">
        <property name="authenticationDao">
            <ref bean="authenticationDaoImplAlfresco" />
        </property>
        <property name="ticketComponent">
            <ref bean="ticketComponent" />
        </property>
        <property name="authenticationComponent">
            <ref bean="authenticationComponentImplAlfresco" />
        </property>
        <property name="sysAdminCache">
            <ref bean="sysAdminCache"/>
        </property>
    </bean>

</beans>