<?xml version='1.0' encoding='UTF-8'?>
<!DOCTYPE beans PUBLIC '-//SPRING//DTD BEAN//EN' 'http://www.springframework.org/dtd/spring-beans.dtd'>

<beans>

    <bean id="authenticationDaoImplNTLM" class="org.alfresco.repo.security.authentication.DefaultMutableAuthenticationDao" >
         <property name="allowSetEnabled" value="true" />
         <property name="allowGetEnabled" value="true" />
         <property name="allowDeleteUser" value="true" />
         <property name="allowCreateUser" value="true" />
    </bean>

       
    <bean id="authenticationComponentImplNTLM" class="org.alfresco.repo.security.authentication.ntlm.NTLMAuthenticationComponentImpl"
                                       parent="authenticationComponentBase">
        <property name="useLocalServer">
            <value>false</value>
        </property>
        <property name="servers">
        	<value>eg.eg.eg.eg</value>
        </property>
        <property name="personService">
            <ref bean="personService" />
        </property>
        <property name="nodeService">
            <ref bean="nodeService" />
        </property>
        <property name="transactionService">
		  <ref bean="transactionComponent"/>
        </property>
        <property name="guestAccess">
            <value>false</value>
        </property>
        <property name="allowAuthUserAsGuest">
            <value>false</value>
        </property>
    </bean>

    <bean id="authenticationServiceImplNTLM" class="org.alfresco.repo.security.authentication.AuthenticationServiceImpl">
        <property name="authenticationDao">
            <ref bean="authenticationDaoImplNTLM" />
        </property>
        <property name="ticketComponent">
            <ref bean="ticketComponent" />
        </property>
        <property name="authenticationComponent">
            <ref bean="authenticationComponentImplNTLM" />
        </property>
        <property name="sysAdminCache">
            <ref bean="sysAdminCache"/>
        </property>
    </bean>

</beans>